threshold,n_flagged,precision,recall,true_positives,false_positives
0.05,7700,0.2632,0.998,2027,5673
0.1,6999,0.2832,0.9759,1982,5017
0.15,5944,0.3122,0.9138,1856,4088
0.2,4705,0.3513,0.8139,1653,3052
0.25,3505,0.3971,0.6854,1392,2113
0.3,2474,0.4325,0.5268,1070,1404
0.35,1739,0.4635,0.3968,806,933
0.4,1341,0.4728,0.3122,634,707
0.45,992,0.494,0.2413,490,502
0.5,643,0.5179,0.164,333,310
0.55,381,0.5354,0.1004,204,177
0.6,153,0.5752,0.0433,88,65
0.65,22,0.6364,0.0069,14,8
0.7,0,0.0,0.0,0,0
0.75,0,0.0,0.0,0,0
0.8,0,0.0,0.0,0,0
0.85,0,0.0,0.0,0,0
0.9,0,0.0,0.0,0,0
